RecordedAt,Experiment,RunId,TrialId,TrialLabel,PointIndex,ElapsedMs,ObjectiveValue,BestBound,Gap
2026-10-03 09:30:03,sizing,20261003-093001,1,s1-warmup-exclude,0,94.0000000409782,-85207,-2451537.325024043,27.771548405929565
2026-10-03 09:30:03,sizing,20261003-093001,1,s1-warmup-exclude,1,94.0000000409782,-2445344,-2451537.325024043,0.0025327009304389114
2026-10-03 09:30:03,sizing,20261003-093001,1,s1-warmup-exclude,2,125,-2447959,-2451470.55383104,0.0014344822895481207
2026-10-03 09:30:03,sizing,20261003-093001,1,s1-warmup-exclude,3,156.00000019185245,-2451346,-2451470.55383104,5.081038378096274E-05
2026-10-03 09:30:03,sizing,20261003-093001,2,s1-threads8-baseline-s11,0,78.99999991059303,-85207,-2451537.325024043,27.771548405929565
2026-10-03 09:30:03,sizing,20261003-093001,2,s1-threads8-baseline-s11,1,78.99999991059303,-2445344,-2451537.325024043,0.0025327009304389114
2026-10-03 09:30:03,sizing,20261003-093001,2,s1-threads8-baseline-s11,2,93.99999980814755,-2447959,-2451470.55383104,0.0014344822895481207
2026-10-03 09:30:03,sizing,20261003-093001,2,s1-threads8-baseline-s11,3,125,-2451346,-2451470.55383104,5.081038378096274E-05
2026-10-03 09:30:03,sizing,20261003-093001,3,s1-threads12-s11,0,77.9999999795109,-85207,-2451537.325024043,27.771548405929565
2026-10-03 09:30:03,sizing,20261003-093001,3,s1-threads12-s11,1,77.9999999795109,-2445344,-2451537.325024043,0.0025327009304389114
2026-10-03 09:30:03,sizing,20261003-093001,3,s1-threads12-s11,2,109.99999986961484,-2447959,-2451470.55383104,0.0014344822895481207
2026-10-03 09:30:03,sizing,20261003-093001,3,s1-threads12-s11,3,125,-2451346,-2451470.55383104,5.081038378096274E-05
2026-10-03 09:30:03,sizing,20261003-093001,4,s1-threads11-s11,0,77.9999999795109,-85207,-2451537.325024043,27.771548405929565
2026-10-03 09:30:03,sizing,20261003-093001,4,s1-threads11-s11,1,93.00000010989606,-2445344,-2451537.325024043,0.0025327009304389114
2026-10-03 09:30:03,sizing,20261003-093001,4,s1-threads11-s11,2,108.99999993853271,-2447959,-2451470.55383104,0.0014344822895481207
2026-10-03 09:30:03,sizing,20261003-093001,4,s1-threads11-s11,3,139.99999989755452,-2451346,-2451470.55383104,5.081038378096274E-05
2026-10-03 09:30:03,sizing,20261003-093001,5,s1-threads10-s11,0,93.00000010989606,-85207,-2451537.325024043,27.771548405929565
2026-10-03 09:30:03,sizing,20261003-093001,5,s1-threads10-s11,1,93.00000010989606,-2445344,-2451537.325024043,0.0025327009304389114
2026-10-03 09:30:03,sizing,20261003-093001,5,s1-threads10-s11,2,108.99999993853271,-2447959,-2451470.55383104,0.0014344822895481207
2026-10-03 09:30:03,sizing,20261003-093001,5,s1-threads10-s11,3,155.9999999590218,-2451346,-2451470.55383104,5.081038378096274E-05
2026-10-03 09:30:03,sizing,20261003-093001,6,s1-threads12-s22,0,94.0000000409782,-85207,-2451537.3250240437,27.77154840592957
2026-10-03 09:30:03,sizing,20261003-093001,6,s1-threads12-s22,1,94.0000000409782,-2445344,-2451537.3250240437,0.002532700930439102
2026-10-03 09:30:03,sizing,20261003-093001,6,s1-threads12-s22,2,110.00000010244548,-2447959,-2451470.55383104,0.0014344822895481207
2026-10-03 09:30:03,sizing,20261003-093001,6,s1-threads12-s22,3,141.0000000614673,-2451346,-2451470.55383104,5.081038378096274E-05
2026-10-03 09:30:03,sizing,20261003-093001,7,s1-threads11-s22,0,77.9999999795109,-85207,-2451537.3250240437,27.77154840592957
2026-10-03 09:30:03,sizing,20261003-093001,7,s1-threads11-s22,1,77.9999999795109,-2445344,-2451537.3250240437,0.002532700930439102
2026-10-03 09:30:03,sizing,20261003-093001,7,s1-threads11-s22,2,109.00000017136335,-2447959,-2451470.55383104,0.0014344822895481207
2026-10-03 09:30:03,sizing,20261003-093001,7,s1-threads11-s22,3,125,-2451346,-2451470.55383104,5.081038378096274E-05
2026-10-03 09:30:03,sizing,20261003-093001,8,s1-threads10-s22,0,77.9999999795109,-85207,-2451537.3250240437,27.77154840592957
2026-10-03 09:30:03,sizing,20261003-093001,8,s1-threads10-s22,1,93.99999980814755,-2445344,-2451537.3250240437,0.002532700930439102
2026-10-03 09:30:03,sizing,20261003-093001,8,s1-threads10-s22,2,109.99999986961484,-2447959,-2451470.55383104,0.0014344822895481207
2026-10-03 09:30:03,sizing,20261003-093001,8,s1-threads10-s22,3,125,-2451346,-2451470.55383104,5.081038378096274E-05
2026-10-03 09:30:03,sizing,20261003-093001,9,s1-threads8-baseline-s22,0,77.9999999795109,-85207,-2451537.3250240437,27.77154840592957
2026-10-03 09:30:03,sizing,20261003-093001,9,s1-threads8-baseline-s22,1,77.9999999795109,-2445344,-2451537.3250240437,0.002532700930439102
2026-10-03 09:30:03,sizing,20261003-093001,9,s1-threads8-baseline-s22,2,108.99999993853271,-2447959,-2451470.55383104,0.0014344822895481207
2026-10-03 09:30:03,sizing,20261003-093001,9,s1-threads8-baseline-s22,3,125,-2451346,-2451470.55383104,5.081038378096274E-05
2026-10-03 09:30:03,sizing,20261003-093001,10,s1-threads11-s33,0,78.99999991059303,-85207,-2451537.3250240437,27.77154840592957
2026-10-03 09:30:03,sizing,20261003-093001,10,s1-threads11-s33,1,93.99999980814755,-2445344,-2451537.3250240437,0.002532700930439102
2026-10-03 09:30:03,sizing,20261003-093001,10,s1-threads11-s33,2,109.99999986961484,-2447959,-2451470.55383104,0.0014344822895481207
2026-10-03 09:30:03,sizing,20261003-093001,10,s1-threads11-s33,3,125,-2451274,-2451470.55383104,8.01843576197226E-05
2026-10-03 09:30:03,sizing,20261003-093001,11,s1-threads10-s33,0,61.99999991804361,-85207,-2451537.3250240437,27.77154840592957
2026-10-03 09:30:03,sizing,20261003-093001,11,s1-threads10-s33,1,61.99999991804361,-2445344,-2451537.3250240437,0.002532700930439102
2026-10-03 09:30:03,sizing,20261003-093001,11,s1-threads10-s33,2,77.9999999795109,-2447959,-2451470.55383104,0.0014344822895481207
2026-10-03 09:30:03,sizing,20261003-093001,11,s1-threads10-s33,3,93.00000010989606,-2451274,-2451470.55383104,8.01843576197226E-05
2026-10-03 09:30:03,sizing,20261003-093001,12,s1-threads8-baseline-s33,0,61.99999991804361,-85207,-2451537.3250240437,27.77154840592957
2026-10-03 09:30:03,sizing,20261003-093001,12,s1-threads8-baseline-s33,1,77.9999999795109,-2445344,-2451537.3250240437,0.002532700930439102
2026-10-03 09:30:03,sizing,20261003-093001,12,s1-threads8-baseline-s33,2,93.00000010989606,-2447959,-2451470.55383104,0.0014344822895481207
2026-10-03 09:30:03,sizing,20261003-093001,12,s1-threads8-baseline-s33,3,93.00000010989606,-2451274,-2451470.55383104,8.01843576197226E-05
2026-10-03 09:30:03,sizing,20261003-093001,13,s1-threads12-s33,0,77.9999999795109,-85207,-2451537.3250240437,27.77154840592957
2026-10-03 09:30:03,sizing,20261003-093001,13,s1-threads12-s33,1,77.9999999795109,-2445344,-2451537.3250240437,0.002532700930439102
2026-10-03 09:30:03,sizing,20261003-093001,13,s1-threads12-s33,2,109.99999986961484,-2447959,-2451470.55383104,0.0014344822895481207
2026-10-03 09:30:03,sizing,20261003-093001,13,s1-threads12-s33,3,109.99999986961484,-2451274,-2451470.55383104,8.01843576197226E-05
2026-10-03 09:30:38,tuning-r0,20261003-093037,1,r0-baseline-s11,0,94.0000000409782,-85207,-2451537.325024043,27.771548405929565
2026-10-03 09:30:38,tuning-r0,20261003-093037,1,r0-baseline-s11,1,108.99999993853271,-2445344,-2451537.325024043,0.0025327009304389114
2026-10-03 09:30:38,tuning-r0,20261003-093037,1,r0-baseline-s11,2,125,-2447959,-2451470.55383104,0.0014344822895481207
2026-10-03 09:30:38,tuning-r0,20261003-093037,1,r0-baseline-s11,3,155.9999999590218,-2451346,-2451470.55383104,5.081038378096274E-05
2026-10-03 09:30:38,tuning-r0,20261003-093037,2,r0-baseline-s22,0,94.0000000409782,-85207,-2451537.3250240437,27.77154840592957
2026-10-03 09:30:38,tuning-r0,20261003-093037,2,r0-baseline-s22,1,110.00000010244548,-2445344,-2451537.3250240437,0.002532700930439102
2026-10-03 09:30:38,tuning-r0,20261003-093037,2,r0-baseline-s22,2,125,-2447959,-2451470.55383104,0.0014344822895481207
2026-10-03 09:30:38,tuning-r0,20261003-093037,2,r0-baseline-s22,3,156.00000019185245,-2451346,-2451470.55383104,5.081038378096274E-05
2026-10-03 09:30:38,tuning-r0,20261003-093037,3,r0-baseline-s33,0,77.9999999795109,-85207,-2451537.3250240437,27.77154840592957
2026-10-03 09:30:38,tuning-r0,20261003-093037,3,r0-baseline-s33,1,93.99999980814755,-2445344,-2451537.3250240437,0.002532700930439102
2026-10-03 09:30:38,tuning-r0,20261003-093037,3,r0-baseline-s33,2,125,-2447959,-2451470.55383104,0.0014344822895481207
2026-10-03 09:30:38,tuning-r0,20261003-093037,3,r0-baseline-s33,3,140.99999982863665,-2451274,-2451470.55383104,8.01843576197226E-05
2026-10-03 09:30:38,tuning-r0,20261003-093037,4,r0-baseline-s44,0,110.00000010244548,-85207,-2451537.325024043,27.771548405929565
2026-10-03 09:30:38,tuning-r0,20261003-093037,4,r0-baseline-s44,1,125,-2445344,-2451537.325024043,0.0025327009304389114
2026-10-03 09:30:38,tuning-r0,20261003-093037,4,r0-baseline-s44,2,156.00000019185245,-2447959,-2451470.55383104,0.0014344822895481207
2026-10-03 09:30:38,tuning-r0,20261003-093037,4,r0-baseline-s44,3,188.0000000819564,-2451346,-2451470.55383104,5.081038378096274E-05
2026-10-03 09:30:38,tuning-r0,20261003-093037,5,r0-baseline-s55,0,94.0000000409782,-85207,-2451537.3250240437,27.77154840592957
2026-10-03 09:30:38,tuning-r0,20261003-093037,5,r0-baseline-s55,1,94.0000000409782,-2445344,-2451537.3250240437,0.002532700930439102
2026-10-03 09:30:38,tuning-r0,20261003-093037,5,r0-baseline-s55,2,125,-2447959,-2451470.55383104,0.0014344822895481207
2026-10-03 09:30:38,tuning-r0,20261003-093037,5,r0-baseline-s55,3,155.9999999590218,-2451346,-2451470.55383104,5.081038378096274E-05
2026-10-03 09:30:59,probe-mipgap0,20261003-093059,1,probe-mipgap0-s11,0,94.0000000409782,-85207,-2451537.325024043,27.771548405929565
2026-10-03 09:30:59,probe-mipgap0,20261003-093059,1,probe-mipgap0-s11,1,94.0000000409782,-2445344,-2451537.325024043,0.0025327009304389114
2026-10-03 09:30:59,probe-mipgap0,20261003-093059,1,probe-mipgap0-s11,2,125,-2447959,-2451470.55383104,0.0014344822895481207
2026-10-03 09:30:59,probe-mipgap0,20261003-093059,1,probe-mipgap0-s11,3,172.0000000204891,-2451346,-2451470.55383104,5.081038378096274E-05
2026-10-03 09:30:59,probe-mipgap0,20261003-093059,1,probe-mipgap0-s11,4,250,-2451377,-2451435.6164921946,2.3911659526294497E-05
2026-10-03 09:33:56,tuning-r1,20261003-093354,1,r1-warmup-exclude,0,94.0000000409782,-85207,-2451537.325024043,27.771548405929565
2026-10-03 09:33:56,tuning-r1,20261003-093354,1,r1-warmup-exclude,1,125,-2445344,-2451537.325024043,0.0025327009304389114
2026-10-03 09:33:56,tuning-r1,20261003-093354,1,r1-warmup-exclude,2,155.9999999590218,-2447959,-2451470.55383104,0.0014344822895481207
2026-10-03 09:33:56,tuning-r1,20261003-093354,1,r1-warmup-exclude,3,172.0000000204891,-2451346,-2451470.55383104,5.081038378096274E-05
2026-10-03 09:33:56,tuning-r1,20261003-093354,2,r1-baseline-s11,0,94.0000000409782,-85207,-2451537.325024043,27.771548405929565
2026-10-03 09:33:56,tuning-r1,20261003-093354,2,r1-baseline-s11,1,94.0000000409782,-2445344,-2451537.325024043,0.0025327009304389114
2026-10-03 09:33:56,tuning-r1,20261003-093354,2,r1-baseline-s11,2,110.00000010244548,-2447959,-2451470.55383104,0.0014344822895481207
2026-10-03 09:33:56,tuning-r1,20261003-093354,2,r1-baseline-s11,3,156.00000019185245,-2451346,-2451470.55383104,5.081038378096274E-05
2026-10-03 09:33:56,tuning-r1,20261003-093354,3,r1-Emphasis=1-s11,0,77.9999999795109,-85207,-2451537.325024043,27.771548405929565
2026-10-03 09:33:56,tuning-r1,20261003-093354,3,r1-Emphasis=1-s11,1,93.00000010989606,-2445344,-2451537.325024043,0.0025327009304389114
2026-10-03 09:33:56,tuning-r1,20261003-093354,3,r1-Emphasis=1-s11,2,108.99999993853271,-2447959,-2451470.55383104,0.0014344822895481207
2026-10-03 09:33:56,tuning-r1,20261003-093354,3,r1-Emphasis=1-s11,3,140.00000013038516,-2451346,-2451470.55383104,5.081038378096274E-05
2026-10-03 09:33:56,tuning-r1,20261003-093354,4,r1-Emphasis=1-s22,0,93.00000010989606,-85207,-2451537.3250240437,27.77154840592957
2026-10-03 09:33:56,tuning-r1,20261003-093354,4,r1-Emphasis=1-s22,1,108.99999993853271,-2445344,-2451537.3250240437,0.002532700930439102
2026-10-03 09:33:56,tuning-r1,20261003-093354,4,r1-Emphasis=1-s22,2,125,-2447959,-2451470.55383104,0.0014344822895481207
2026-10-03 09:33:56,tuning-r1,20261003-093354,4,r1-Emphasis=1-s22,3,155.9999999590218,-2451346,-2451470.55383104,5.081038378096274E-05
2026-10-03 09:33:56,tuning-r1,20261003-093354,5,r1-baseline-s22,0,93.00000010989606,-85207,-2451537.3250240437,27.77154840592957
2026-10-03 09:33:56,tuning-r1,20261003-093354,5,r1-baseline-s22,1,108.99999993853271,-2445344,-2451537.3250240437,0.002532700930439102
2026-10-03 09:33:56,tuning-r1,20261003-093354,5,r1-baseline-s22,2,140.00000013038516,-2447959,-2451470.55383104,0.0014344822895481207
2026-10-03 09:33:56,tuning-r1,20261003-093354,5,r1-baseline-s22,3,172.0000000204891,-2451346,-2451470.55383104,5.081038378096274E-05
2026-10-03 09:33:56,tuning-r1,20261003-093354,6,r1-baseline-s33,0,77.9999999795109,-85207,-2451537.3250240437,27.77154840592957
2026-10-03 09:33:56,tuning-r1,20261003-093354,6,r1-baseline-s33,1,94.0000000409782,-2445344,-2451537.3250240437,0.002532700930439102
2026-10-03 09:33:56,tuning-r1,20261003-093354,6,r1-baseline-s33,2,108.99999993853271,-2447959,-2451470.55383104,0.0014344822895481207
2026-10-03 09:33:56,tuning-r1,20261003-093354,6,r1-baseline-s33,3,125,-2451274,-2451470.55383104,8.01843576197226E-05
2026-10-03 09:33:56,tuning-r1,20261003-093354,7,r1-Emphasis=1-s33,0,77.9999999795109,-85207,-2451537.3250240437,27.77154840592957
2026-10-03 09:33:56,tuning-r1,20261003-093354,7,r1-Emphasis=1-s33,1,77.9999999795109,-2445344,-2451537.3250240437,0.002532700930439102
2026-10-03 09:33:56,tuning-r1,20261003-093354,7,r1-Emphasis=1-s33,2,94.0000000409782,-2447959,-2451470.55383104,0.0014344822895481207
2026-10-03 09:33:56,tuning-r1,20261003-093354,7,r1-Emphasis=1-s33,3,109.00000017136335,-2451274,-2451470.55383104,8.01843576197226E-05
2026-10-03 09:33:56,tuning-r1,20261003-093354,8,r1-Emphasis=1-s44,0,77.9999999795109,-85207,-2451537.325024043,27.771548405929565
2026-10-03 09:33:56,tuning-r1,20261003-093354,8,r1-Emphasis=1-s44,1,93.00000010989606,-2445344,-2451537.325024043,0.0025327009304389114
2026-10-03 09:33:56,tuning-r1,20261003-093354,8,r1-Emphasis=1-s44,2,108.99999993853271,-2447959,-2451470.55383104,0.0014344822895481207
2026-10-03 09:33:56,tuning-r1,20261003-093354,8,r1-Emphasis=1-s44,3,125,-2451346,-2451470.55383104,5.081038378096274E-05
2026-10-03 09:33:56,tuning-r1,20261003-093354,9,r1-baseline-s44,0,77.9999999795109,-85207,-2451537.325024043,27.771548405929565
2026-10-03 09:33:56,tuning-r1,20261003-093354,9,r1-baseline-s44,1,77.9999999795109,-2445344,-2451537.325024043,0.0025327009304389114
2026-10-03 09:33:56,tuning-r1,20261003-093354,9,r1-baseline-s44,2,109.99999986961484,-2447959,-2451470.55383104,0.0014344822895481207
2026-10-03 09:33:56,tuning-r1,20261003-093354,9,r1-baseline-s44,3,140.99999982863665,-2451346,-2451470.55383104,5.081038378096274E-05
2026-10-03 09:33:56,tuning-r1,20261003-093354,10,r1-baseline-s55,0,78.00000021234155,-85207,-2451537.3250240437,27.77154840592957
2026-10-03 09:33:56,tuning-r1,20261003-093354,10,r1-baseline-s55,1,78.00000021234155,-2445344,-2451537.3250240437,0.002532700930439102
2026-10-03 09:33:56,tuning-r1,20261003-093354,10,r1-baseline-s55,2,94.0000000409782,-2447959,-2451470.55383104,0.0014344822895481207
2026-10-03 09:33:56,tuning-r1,20261003-093354,10,r1-baseline-s55,3,125,-2451346,-2451470.55383104,5.081038378096274E-05
2026-10-03 09:33:56,tuning-r1,20261003-093354,11,r1-Emphasis=1-s55,0,78.99999991059303,-85207,-2451537.3250240437,27.77154840592957
2026-10-03 09:33:56,tuning-r1,20261003-093354,11,r1-Emphasis=1-s55,1,78.99999991059303,-2445344,-2451537.3250240437,0.002532700930439102
2026-10-03 09:33:56,tuning-r1,20261003-093354,11,r1-Emphasis=1-s55,2,93.99999980814755,-2447959,-2451470.55383104,0.0014344822895481207
2026-10-03 09:33:56,tuning-r1,20261003-093354,11,r1-Emphasis=1-s55,3,125,-2451346,-2451470.55383104,5.081038378096274E-05
2026-10-03 09:36:19,tuning-r2,20261003-093617,1,r2-warmup-exclude,0,93.99999980814755,-85207,-2451537.325024043,27.771548405929565
2026-10-03 09:36:19,tuning-r2,20261003-093617,1,r2-warmup-exclude,1,109.99999986961484,-2445344,-2451537.325024043,0.0025327009304389114
2026-10-03 09:36:19,tuning-r2,20261003-093617,1,r2-warmup-exclude,2,125,-2447959,-2451470.55383104,0.0014344822895481207
2026-10-03 09:36:19,tuning-r2,20261003-093617,1,r2-warmup-exclude,3,156.99999989010394,-2451346,-2451470.55383104,5.081038378096274E-05
2026-10-03 09:36:19,tuning-r2,20261003-093617,2,r2-baseline-s11,0,108.99999993853271,-85207,-2451537.325024043,27.771548405929565
2026-10-03 09:36:19,tuning-r2,20261003-093617,2,r2-baseline-s11,1,125,-2445344,-2451537.325024043,0.0025327009304389114
2026-10-03 09:36:19,tuning-r2,20261003-093617,2,r2-baseline-s11,2,140.00000013038516,-2447959,-2451470.55383104,0.0014344822895481207
2026-10-03 09:36:19,tuning-r2,20261003-093617,2,r2-baseline-s11,3,172.0000000204891,-2451346,-2451470.55383104,5.081038378096274E-05
2026-10-03 09:36:19,tuning-r2,20261003-093617,3,r2-RinsHeuristicFrequency=10-s11,0,109.99999986961484,-85207,-2451537.325024043,27.771548405929565
2026-10-03 09:36:19,tuning-r2,20261003-093617,3,r2-RinsHeuristicFrequency=10-s11,1,109.99999986961484,-2445344,-2451537.325024043,0.0025327009304389114
2026-10-03 09:36:19,tuning-r2,20261003-093617,3,r2-RinsHeuristicFrequency=10-s11,2,125,-2447959,-2451470.55383104,0.0014344822895481207
2026-10-03 09:36:19,tuning-r2,20261003-093617,3,r2-RinsHeuristicFrequency=10-s11,3,156.99999989010394,-2451346,-2451470.55383104,5.081038378096274E-05
2026-10-03 09:36:19,tuning-r2,20261003-093617,4,r2-RinsHeuristicFrequency=10-s22,0,109.00000017136335,-85207,-2451537.3250240437,27.77154840592957
2026-10-03 09:36:19,tuning-r2,20261003-093617,4,r2-RinsHeuristicFrequency=10-s22,1,109.00000017136335,-2445344,-2451537.3250240437,0.002532700930439102
2026-10-03 09:36:19,tuning-r2,20261003-093617,4,r2-RinsHeuristicFrequency=10-s22,2,125,-2447959,-2451470.55383104,0.0014344822895481207
2026-10-03 09:36:19,tuning-r2,20261003-093617,4,r2-RinsHeuristicFrequency=10-s22,3,155.9999999590218,-2451346,-2451470.55383104,5.081038378096274E-05
2026-10-03 09:36:19,tuning-r2,20261003-093617,5,r2-baseline-s22,0,77.9999999795109,-85207,-2451537.3250240437,27.77154840592957
2026-10-03 09:36:19,tuning-r2,20261003-093617,5,r2-baseline-s22,1,77.9999999795109,-2445344,-2451537.3250240437,0.002532700930439102
2026-10-03 09:36:19,tuning-r2,20261003-093617,5,r2-baseline-s22,2,108.99999993853271,-2447959,-2451470.55383104,0.0014344822895481207
2026-10-03 09:36:19,tuning-r2,20261003-093617,5,r2-baseline-s22,3,125,-2451346,-2451470.55383104,5.081038378096274E-05
2026-10-03 09:36:19,tuning-r2,20261003-093617,6,r2-baseline-s33,0,61.99999991804361,-85207,-2451537.3250240437,27.77154840592957
2026-10-03 09:36:19,tuning-r2,20261003-093617,6,r2-baseline-s33,1,77.9999999795109,-2445344,-2451537.3250240437,0.002532700930439102
2026-10-03 09:36:19,tuning-r2,20261003-093617,6,r2-baseline-s33,2,93.00000010989606,-2447959,-2451470.55383104,0.0014344822895481207
2026-10-03 09:36:19,tuning-r2,20261003-093617,6,r2-baseline-s33,3,108.99999993853271,-2451274,-2451470.55383104,8.01843576197226E-05
2026-10-03 09:36:19,tuning-r2,20261003-093617,7,r2-RinsHeuristicFrequency=10-s33,0,78.00000021234155,-85207,-2451537.3250240437,27.77154840592957
2026-10-03 09:36:19,tuning-r2,20261003-093617,7,r2-RinsHeuristicFrequency=10-s33,1,78.00000021234155,-2445344,-2451537.3250240437,0.002532700930439102
2026-10-03 09:36:19,tuning-r2,20261003-093617,7,r2-RinsHeuristicFrequency=10-s33,2,94.0000000409782,-2447959,-2451470.55383104,0.0014344822895481207
2026-10-03 09:36:19,tuning-r2,20261003-093617,7,r2-RinsHeuristicFrequency=10-s33,3,110.00000010244548,-2451274,-2451470.55383104,8.01843576197226E-05
2026-10-03 09:36:19,tuning-r2,20261003-093617,8,r2-RinsHeuristicFrequency=10-s44,0,77.9999999795109,-85207,-2451537.325024043,27.771548405929565
2026-10-03 09:36:19,tuning-r2,20261003-093617,8,r2-RinsHeuristicFrequency=10-s44,1,94.0000000409782,-2445344,-2451537.325024043,0.0025327009304389114
2026-10-03 09:36:19,tuning-r2,20261003-093617,8,r2-RinsHeuristicFrequency=10-s44,2,108.99999993853271,-2447959,-2451470.55383104,0.0014344822895481207
2026-10-03 09:36:19,tuning-r2,20261003-093617,8,r2-RinsHeuristicFrequency=10-s44,3,125,-2451346,-2451470.55383104,5.081038378096274E-05
2026-10-03 09:36:19,tuning-r2,20261003-093617,9,r2-baseline-s44,0,63.00000008195639,-85207,-2451537.325024043,27.771548405929565
2026-10-03 09:36:19,tuning-r2,20261003-093617,9,r2-baseline-s44,1,63.00000008195639,-2445344,-2451537.325024043,0.0025327009304389114
2026-10-03 09:36:19,tuning-r2,20261003-093617,9,r2-baseline-s44,2,94.0000000409782,-2447959,-2451470.55383104,0.0014344822895481207
2026-10-03 09:36:19,tuning-r2,20261003-093617,9,r2-baseline-s44,3,109.00000017136335,-2451346,-2451470.55383104,5.081038378096274E-05
2026-10-03 09:36:19,tuning-r2,20261003-093617,10,r2-baseline-s55,0,62.99999984912574,-85207,-2451537.3250240437,27.77154840592957
2026-10-03 09:36:19,tuning-r2,20261003-093617,10,r2-baseline-s55,1,77.9999999795109,-2445344,-2451537.3250240437,0.002532700930439102
2026-10-03 09:36:19,tuning-r2,20261003-093617,10,r2-baseline-s55,2,93.99999980814755,-2447959,-2451470.55383104,0.0014344822895481207
2026-10-03 09:36:19,tuning-r2,20261003-093617,10,r2-baseline-s55,3,125,-2451346,-2451470.55383104,5.081038378096274E-05
2026-10-03 09:36:19,tuning-r2,20261003-093617,11,r2-RinsHeuristicFrequency=10-s55,0,61.99999991804361,-85207,-2451537.3250240437,27.77154840592957
2026-10-03 09:36:19,tuning-r2,20261003-093617,11,r2-RinsHeuristicFrequency=10-s55,1,77.9999999795109,-2445344,-2451537.3250240437,0.002532700930439102
2026-10-03 09:36:19,tuning-r2,20261003-093617,11,r2-RinsHeuristicFrequency=10-s55,2,93.00000010989606,-2447959,-2451470.55383104,0.0014344822895481207
2026-10-03 09:36:19,tuning-r2,20261003-093617,11,r2-RinsHeuristicFrequency=10-s55,3,125,-2451346,-2451470.55383104,5.081038378096274E-05
