RecordedAt,Experiment,RunId,TrialId,Model,ModelType,TrialLabel,ConfigChanges,Seed,VsBaseline,Status,ObjectiveValue,BestBound,Gap,BuildAndSolveTimeMs,SolveTimeMs,FirstSolutionMs,LastBoundChangeMs,BoundChange,NodeCount,IterationCount
2026-10-03 01:04:35,sizing,20261003-010432,1,cap6000,BP,s1-threads8-baseline-s11,baseline,11,baseline,Optimal,-2451346,-2451470.55383104,5.081038378096274E-05,234.99999986961484,172.0000000204891,108.99999993853271,140.00000013038516,66.77119300328195,0,132
2026-10-03 01:04:35,sizing,20261003-010432,2,cap6000,BP,s1-threads12-s11,Threads=12,11,win,Optimal,-2451346,-2451470.55383104,5.081038378096274E-05,202.9999999795109,171.00000008940697,93.00000010989606,139.99999989755452,66.77119300328195,0,132
2026-10-03 01:04:35,sizing,20261003-010432,3,cap6000,BP,s1-threads11-s11,Threads=11,11,tie,Optimal,-2451346,-2451470.55383104,5.081038378096274E-05,203.99999991059303,172.0000000204891,93.00000010989606,125,66.77119300328195,0,132
2026-10-03 01:04:35,sizing,20261003-010432,4,cap6000,BP,s1-threads10-s11,Threads=10,11,lose,Optimal,-2451346,-2451470.55383104,5.081038378096274E-05,233.9999999385327,187.99999984912574,109.00000017136335,141.0000000614673,66.77119300328195,0,132
2026-10-03 01:04:35,sizing,20261003-010432,5,cap6000,BP,s1-threads12-s22,Threads=12,22,win,Optimal,-2451346,-2451470.55383104,5.081038378096274E-05,187.00000015087426,156.00000019185245,94.0000000409782,125,66.77119300374761,0,132
2026-10-03 01:04:35,sizing,20261003-010432,6,cap6000,BP,s1-threads11-s22,Threads=11,22,win,Optimal,-2451346,-2451470.55383104,5.081038378096274E-05,187.99999984912574,155.9999999590218,77.9999999795109,109.99999986961484,66.77119300374761,0,132
2026-10-03 01:04:35,sizing,20261003-010432,7,cap6000,BP,s1-threads10-s22,Threads=10,22,win,Optimal,-2451346,-2451470.55383104,5.081038378096274E-05,155.9999999590218,139.99999989755452,77.9999999795109,108.99999993853271,66.77119300374761,0,132
2026-10-03 01:04:35,sizing,20261003-010432,8,cap6000,BP,s1-threads8-baseline-s22,none,22,baseline,Optimal,-2451346,-2451470.55383104,5.081038378096274E-05,188.0000000819564,156.99999989010394,93.99999980814755,140.99999982863665,66.77119300374761,0,132
2026-10-03 01:04:35,sizing,20261003-010432,9,cap6000,BP,s1-threads11-s33,Threads=11,33,lose,Optimal,-2451274,-2451470.55383104,8.01843576197226E-05,186.9999999180436,155.9999999590218,108.99999993853271,139.99999989755452,66.77119300374761,0,132
2026-10-03 01:04:35,sizing,20261003-010432,10,cap6000,BP,s1-threads10-s33,Threads=10,33,tie,Optimal,-2451274,-2451470.55383104,8.01843576197226E-05,140.00000013038516,125,77.9999999795109,94.0000000409782,66.77119300374761,0,132
2026-10-03 01:04:35,sizing,20261003-010432,11,cap6000,BP,s1-threads8-baseline-s33,none,33,baseline,Optimal,-2451274,-2451470.55383104,8.01843576197226E-05,141.0000000614673,125,77.9999999795109,108.99999993853271,66.77119300374761,0,132
2026-10-03 01:04:35,sizing,20261003-010432,12,cap6000,BP,s1-threads12-s33,Threads=12,33,lose,Optimal,-2451274,-2451470.55383104,8.01843576197226E-05,155.9999999590218,140.99999982863665,94.0000000409782,109.00000017136335,66.77119300374761,0,132
2026-10-03 01:04:51,tuning-r0,20261003-010450,1,cap6000,BP,r0-baseline-s11,baseline,11,baseline,Optimal,-2451346,-2451470.55383104,5.081038378096274E-05,219.0000000409782,172.0000000204891,94.0000000409782,125,66.77119300328195,0,132
2026-10-03 01:04:51,tuning-r0,20261003-010450,2,cap6000,BP,r0-baseline-s22,none,22,baseline,Optimal,-2451346,-2451470.55383104,5.081038378096274E-05,187.00000015087426,156.00000019185245,77.9999999795109,125,66.77119300374761,0,132
2026-10-03 01:04:51,tuning-r0,20261003-010450,3,cap6000,BP,r0-baseline-s33,none,33,baseline,Optimal,-2451274,-2451470.55383104,8.01843576197226E-05,171.99999978765845,155.9999999590218,109.00000017136335,125,66.77119300374761,0,132
2026-10-03 01:04:51,tuning-r0,20261003-010450,4,cap6000,BP,r0-baseline-s44,none,44,baseline,Optimal,-2451346,-2451470.55383104,5.081038378096274E-05,219.0000000409782,172.0000000204891,93.00000010989606,125,66.77119300328195,0,132
2026-10-03 01:04:51,tuning-r0,20261003-010450,5,cap6000,BP,r0-baseline-s55,none,55,baseline,Optimal,-2451346,-2451470.55383104,5.081038378096274E-05,171.00000008940697,140.00000013038516,77.9999999795109,94.0000000409782,66.77119300374761,0,132
2026-10-03 01:05:44,probe-mipgap0,20261003-010544,1,cap6000,BP,probe-mipgap0-s11,baseline,11,baseline,Optimal,-2451377,-2451377,0,374.99999976716936,311.9999999180436,93.00000010989606,264.9999998975545,101.70853184862062,2039,2737
2026-10-03 01:09:18,tuning-r1,20261003-010916,1,cap6000,BP,r1-baseline-s11,baseline,11,baseline,Optimal,-2451346,-2451470.55383104,5.081038378096274E-05,202.9999999795109,156.00000019185245,94.0000000409782,125,66.77119300328195,0,132
2026-10-03 01:09:18,tuning-r1,20261003-010916,2,cap6000,BP,r1-GomoryCuts=-1-s11,GomoryCuts=-1,11,lose,Optimal,-2451346,-2451528.8163508927,7.457794652107529E-05,219.0000000409782,187.99999984912574,109.99999986961484,156.99999989010394,4.847147359978408,0,129
2026-10-03 01:09:18,tuning-r1,20261003-010916,3,cap6000,BP,r1-GomoryCuts=-1-s22,GomoryCuts=-1,22,win,Optimal,-2451346,-2451528.816350893,7.457794652126526E-05,187.00000015087426,156.00000019185245,94.0000000409782,125,4.847147360444069,0,129
2026-10-03 01:09:18,tuning-r1,20261003-010916,4,cap6000,BP,r1-baseline-s22,none,22,baseline,Optimal,-2451346,-2451470.55383104,5.081038378096274E-05,234.00000017136335,172.0000000204891,93.99999980814755,140.99999982863665,66.77119300374761,0,132
2026-10-03 01:09:18,tuning-r1,20261003-010916,5,cap6000,BP,r1-baseline-s33,none,33,baseline,Optimal,-2451274,-2451470.55383104,8.01843576197226E-05,187.99999984912574,155.9999999590218,93.00000010989606,125,66.77119300374761,0,132
2026-10-03 01:09:18,tuning-r1,20261003-010916,6,cap6000,BP,r1-GomoryCuts=-1-s33,GomoryCuts=-1,33,lose,Optimal,-2451274,-2451517.790216098,9.945449431523112E-05,171.0000003222376,156.00000019185245,94.0000000409782,141.0000000614673,4.847147360444069,0,129
2026-10-03 01:09:18,tuning-r1,20261003-010916,7,cap6000,BP,r1-GomoryCuts=-1-s44,GomoryCuts=-1,44,tie,Optimal,-2451346,-2451528.816350893,7.457794652126526E-05,140.99999982863665,125,77.9999999795109,93.00000010989606,4.847147359512746,0,129
2026-10-03 01:09:18,tuning-r1,20261003-010916,8,cap6000,BP,r1-baseline-s44,none,44,baseline,Optimal,-2451346,-2451470.55383104,5.081038378096274E-05,139.99999989755452,125,62.00000015087426,94.0000000409782,66.77119300328195,0,132
2026-10-03 01:09:18,tuning-r1,20261003-010916,9,cap6000,BP,r1-baseline-s55,none,55,baseline,Optimal,-2451346,-2451470.55383104,5.081038378096274E-05,155.9999999590218,125,77.9999999795109,94.0000000409782,66.77119300374761,0,132
2026-10-03 01:09:18,tuning-r1,20261003-010916,10,cap6000,BP,r1-GomoryCuts=-1-s55,GomoryCuts=-1,55,lose,Optimal,-2451346,-2451528.816350893,7.457794652126526E-05,172.0000000204891,140.99999982863665,77.9999999795109,109.99999986961484,4.847147360444069,0,129
2026-10-03 01:10:56,tuning-r2,20261003-011054,1,cap6000,BP,r2-baseline-s11,baseline,11,baseline,Optimal,-2451346,-2451470.55383104,5.081038378096274E-05,203.00000021234155,156.00000019185245,77.9999999795109,109.00000017136335,66.77119300328195,0,132
2026-10-03 01:10:56,tuning-r2,20261003-011054,2,cap6000,BP,r2-Emphasis=1-s11,Emphasis=1,11,win,Optimal,-2451346,-2451470.55383104,5.081038378096274E-05,187.99999984912574,155.9999999590218,77.9999999795109,108.99999993853271,66.77119300328195,0,132
2026-10-03 01:10:56,tuning-r2,20261003-011054,3,cap6000,BP,r2-Emphasis=1-s22,Emphasis=1,22,win,Optimal,-2451346,-2451470.55383104,5.081038378096274E-05,172.0000000204891,141.0000000614673,77.9999999795109,109.00000017136335,66.77119300374761,0,132
2026-10-03 01:10:56,tuning-r2,20261003-011054,4,cap6000,BP,r2-baseline-s22,none,22,baseline,Optimal,-2451346,-2451470.55383104,5.081038378096274E-05,218.00000010989606,156.00000019185245,94.0000000409782,125,66.77119300374761,0,132
2026-10-03 01:10:56,tuning-r2,20261003-011054,5,cap6000,BP,r2-baseline-s33,none,33,baseline,Optimal,-2451274,-2451470.55383104,8.01843576197226E-05,156.99999989010394,125,77.9999999795109,108.99999993853271,66.77119300374761,0,132
2026-10-03 01:10:56,tuning-r2,20261003-011054,6,cap6000,BP,r2-Emphasis=1-s33,Emphasis=1,33,tie,Optimal,-2451274,-2451470.55383104,8.01843576197226E-05,140.99999982863665,125,94.0000000409782,109.00000017136335,66.77119300374761,0,132
2026-10-03 01:10:56,tuning-r2,20261003-011054,7,cap6000,BP,r2-Emphasis=1-s44,Emphasis=1,44,tie,Optimal,-2451346,-2451470.55383104,5.081038378096274E-05,171.00000008940697,140.00000013038516,77.9999999795109,94.0000000409782,66.77119300328195,0,132
2026-10-03 01:10:56,tuning-r2,20261003-011054,8,cap6000,BP,r2-baseline-s44,none,44,baseline,Optimal,-2451346,-2451470.55383104,5.081038378096274E-05,172.0000000204891,140.00000013038516,77.9999999795109,108.99999993853271,66.77119300328195,0,132
2026-10-03 01:10:56,tuning-r2,20261003-011054,9,cap6000,BP,r2-baseline-s55,none,55,baseline,Optimal,-2451346,-2451470.55383104,5.081038378096274E-05,171.99999978765845,139.99999989755452,77.9999999795109,108.99999993853271,66.77119300374761,0,132
2026-10-03 01:10:56,tuning-r2,20261003-011054,10,cap6000,BP,r2-Emphasis=1-s55,Emphasis=1,55,lose,Optimal,-2451346,-2451470.55383104,5.081038378096274E-05,156.00000019185245,140.00000013038516,77.9999999795109,94.0000000409782,66.77119300374761,0,132
2026-10-03 01:12:20,tuning-r3,20261003-011218,1,cap6000,BP,r3-baseline-s11,baseline,11,baseline,Optimal,-2451346,-2451470.55383104,5.081038378096274E-05,219.0000000409782,172.0000000204891,93.00000010989606,140.00000013038516,66.77119300328195,0,132
2026-10-03 01:12:20,tuning-r3,20261003-011218,2,cap6000,BP,r3-RinsHeuristicFrequency=10-s11,RinsHeuristicFrequency=10,11,win,Optimal,-2451346,-2451470.55383104,5.081038378096274E-05,188.0000000819564,156.99999989010394,93.99999980814755,125,66.77119300328195,0,132
2026-10-03 01:12:20,tuning-r3,20261003-011218,3,cap6000,BP,r3-RinsHeuristicFrequency=10-s22,RinsHeuristicFrequency=10,22,lose,Optimal,-2451346,-2451470.55383104,5.081038378096274E-05,202.9999999795109,172.0000000204891,109.00000017136335,141.0000000614673,66.77119300374761,0,132
2026-10-03 01:12:20,tuning-r3,20261003-011218,4,cap6000,BP,r3-baseline-s22,none,22,baseline,Optimal,-2451346,-2451470.55383104,5.081038378096274E-05,202.9999999795109,155.9999999590218,93.00000010989606,125,66.77119300374761,0,132
2026-10-03 01:12:20,tuning-r3,20261003-011218,5,cap6000,BP,r3-baseline-s33,none,33,baseline,Optimal,-2451274,-2451470.55383104,8.01843576197226E-05,187.00000015087426,156.00000019185245,94.0000000409782,125,66.77119300374761,0,132
2026-10-03 01:12:20,tuning-r3,20261003-011218,6,cap6000,BP,r3-RinsHeuristicFrequency=10-s33,RinsHeuristicFrequency=10,33,win,Optimal,-2451274,-2451470.55383104,8.01843576197226E-05,155.9999999590218,140.00000013038516,93.00000010989606,108.99999993853271,66.77119300374761,0,132
2026-10-03 01:12:20,tuning-r3,20261003-011218,7,cap6000,BP,r3-RinsHeuristicFrequency=10-s44,RinsHeuristicFrequency=10,44,lose,Optimal,-2451346,-2451470.55383104,5.081038378096274E-05,187.99999984912574,172.0000000204891,94.0000000409782,125,66.77119300328195,0,132
2026-10-03 01:12:20,tuning-r3,20261003-011218,8,cap6000,BP,r3-baseline-s44,none,44,baseline,Optimal,-2451346,-2451470.55383104,5.081038378096274E-05,155.9999999590218,140.99999982863665,63.00000008195639,94.0000000409782,66.77119300328195,0,132
2026-10-03 01:12:20,tuning-r3,20261003-011218,9,cap6000,BP,r3-baseline-s55,none,55,baseline,Optimal,-2451346,-2451470.55383104,5.081038378096274E-05,156.00000019185245,125,62.99999984912574,93.99999980814755,66.77119300374761,0,132
2026-10-03 01:12:20,tuning-r3,20261003-011218,10,cap6000,BP,r3-RinsHeuristicFrequency=10-s55,RinsHeuristicFrequency=10,55,lose,Optimal,-2451346,-2451470.55383104,5.081038378096274E-05,171.99999978765845,155.9999999590218,77.9999999795109,109.00000017136335,66.77119300374761,0,132
